company,title,job_id,location,country,salary,remote,seniority,us_citizenship_required,security_clearance,relocation_assistance,source_platform,date_posted,scraped_at,apply_url,description_text
Textron,,1538412,,United States of America,,onsite,mid,unknown,unknown,unknown,taleo,N/A,2026-06-07T18:01:28.779689+00:00,https://textron.taleo.net/careersection/textron/jobdetail.ftl?job=1538412,
Textron,,1537174,,United States of America,,onsite,mid,unknown,unknown,unknown,taleo,N/A,2026-06-07T18:01:28.780515+00:00,https://textron.taleo.net/careersection/textron/jobdetail.ftl?job=1537174,
Textron,,1537423,,United States of America,,onsite,mid,unknown,unknown,unknown,taleo,N/A,2026-06-07T18:01:28.780536+00:00,https://textron.taleo.net/careersection/textron/jobdetail.ftl?job=1537423,
Textron,,1539513,,United States of America,,onsite,mid,unknown,unknown,unknown,taleo,N/A,2026-06-07T18:01:28.780553+00:00,https://textron.taleo.net/careersection/textron/jobdetail.ftl?job=1539513,
Textron,,1537090,,United States of America,,onsite,mid,unknown,unknown,unknown,taleo,N/A,2026-06-07T18:01:28.780570+00:00,https://textron.taleo.net/careersection/textron/jobdetail.ftl?job=1537090,
Textron,,1536581,,United States of America,,onsite,mid,unknown,unknown,unknown,taleo,N/A,2026-06-07T18:01:28.780586+00:00,https://textron.taleo.net/careersection/textron/jobdetail.ftl?job=1536581,
Textron,,1530522,,United States of America,,onsite,mid,unknown,unknown,unknown,taleo,N/A,2026-06-07T18:01:28.780602+00:00,https://textron.taleo.net/careersection/textron/jobdetail.ftl?job=1530522,
Textron,,1535715,,United States of America,,onsite,mid,unknown,unknown,unknown,taleo,N/A,2026-06-07T18:01:28.780652+00:00,https://textron.taleo.net/careersection/textron/jobdetail.ftl?job=1535715,
Textron,,1538226,,United States of America,,onsite,mid,unknown,unknown,unknown,taleo,N/A,2026-06-07T18:01:28.780685+00:00,https://textron.taleo.net/careersection/textron/jobdetail.ftl?job=1538226,
Textron,,1524367,,United States of America,,onsite,mid,unknown,unknown,unknown,taleo,N/A,2026-06-07T18:01:28.780703+00:00,https://textron.taleo.net/careersection/textron/jobdetail.ftl?job=1524367,
Textron,,1532429,,United States of America,,onsite,mid,unknown,unknown,unknown,taleo,N/A,2026-06-07T18:01:28.780720+00:00,https://textron.taleo.net/careersection/textron/jobdetail.ftl?job=1532429,
Textron,,1533843,,United States of America,,onsite,mid,unknown,unknown,unknown,taleo,N/A,2026-06-07T18:01:28.780735+00:00,https://textron.taleo.net/careersection/textron/jobdetail.ftl?job=1533843,
Textron,,1538665,,United States of America,,onsite,mid,unknown,unknown,unknown,taleo,N/A,2026-06-07T18:01:28.780751+00:00,https://textron.taleo.net/careersection/textron/jobdetail.ftl?job=1538665,
Textron,,1539412,,United States of America,,onsite,mid,unknown,unknown,unknown,taleo,N/A,2026-06-07T18:01:28.780767+00:00,https://textron.taleo.net/careersection/textron/jobdetail.ftl?job=1539412,
Textron,,1532373,,United States of America,,onsite,mid,unknown,unknown,unknown,taleo,N/A,2026-06-07T18:01:28.780783+00:00,https://textron.taleo.net/careersection/textron/jobdetail.ftl?job=1532373,
Textron,,1532017,,United States of America,,onsite,mid,unknown,unknown,unknown,taleo,N/A,2026-06-07T18:01:28.780798+00:00,https://textron.taleo.net/careersection/textron/jobdetail.ftl?job=1532017,
Textron,,1536410,,United States of America,,onsite,mid,unknown,unknown,unknown,taleo,N/A,2026-06-07T18:01:28.780812+00:00,https://textron.taleo.net/careersection/textron/jobdetail.ftl?job=1536410,
Textron,,1537292,,United States of America,,onsite,mid,unknown,unknown,unknown,taleo,N/A,2026-06-07T18:01:28.780825+00:00,https://textron.taleo.net/careersection/textron/jobdetail.ftl?job=1537292,
Textron,,1537276,,United States of America,,onsite,mid,unknown,unknown,unknown,taleo,N/A,2026-06-07T18:01:28.780839+00:00,https://textron.taleo.net/careersection/textron/jobdetail.ftl?job=1537276,
Textron,,1536546,,United States of America,,onsite,mid,unknown,unknown,unknown,taleo,N/A,2026-06-07T18:01:28.780853+00:00,https://textron.taleo.net/careersection/textron/jobdetail.ftl?job=1536546,
Textron,,1532723,,United States of America,,onsite,mid,unknown,unknown,unknown,taleo,N/A,2026-06-07T18:01:28.780867+00:00,https://textron.taleo.net/careersection/textron/jobdetail.ftl?job=1532723,
Textron,,1539367,,United States of America,,onsite,mid,unknown,unknown,unknown,taleo,N/A,2026-06-07T18:01:28.780881+00:00,https://textron.taleo.net/careersection/textron/jobdetail.ftl?job=1539367,
Textron,,1539066,,United States of America,,onsite,mid,unknown,unknown,unknown,taleo,N/A,2026-06-07T18:01:28.780895+00:00,https://textron.taleo.net/careersection/textron/jobdetail.ftl?job=1539066,
Textron,,1537852,,United States of America,,onsite,mid,unknown,unknown,unknown,taleo,N/A,2026-06-07T18:01:28.780909+00:00,https://textron.taleo.net/careersection/textron/jobdetail.ftl?job=1537852,
Textron,,1537805,,United States of America,,onsite,mid,unknown,unknown,unknown,taleo,N/A,2026-06-07T18:01:28.780923+00:00,https://textron.taleo.net/careersection/textron/jobdetail.ftl?job=1537805,
Textron,,1539158,,United States of America,,onsite,mid,unknown,unknown,unknown,taleo,N/A,2026-06-07T18:01:28.780938+00:00,https://textron.taleo.net/careersection/textron/jobdetail.ftl?job=1539158,
Textron,,1539028,,United States of America,,onsite,mid,unknown,unknown,unknown,taleo,N/A,2026-06-07T18:01:28.780952+00:00,https://textron.taleo.net/careersection/textron/jobdetail.ftl?job=1539028,
Textron,,1531399,,United States of America,,onsite,mid,unknown,unknown,unknown,taleo,N/A,2026-06-07T18:01:28.780965+00:00,https://textron.taleo.net/careersection/textron/jobdetail.ftl?job=1531399,
Textron,,1537711,,United States of America,,onsite,mid,unknown,unknown,unknown,taleo,N/A,2026-06-07T18:01:28.780979+00:00,https://textron.taleo.net/careersection/textron/jobdetail.ftl?job=1537711,
Textron,,1538492,,United States of America,,onsite,mid,unknown,unknown,unknown,taleo,N/A,2026-06-07T18:01:28.780997+00:00,https://textron.taleo.net/careersection/textron/jobdetail.ftl?job=1538492,
Textron,,1537313,,United States of America,,onsite,mid,unknown,unknown,unknown,taleo,N/A,2026-06-07T18:01:28.781011+00:00,https://textron.taleo.net/careersection/textron/jobdetail.ftl?job=1537313,
Textron,,1539391,,United States of America,,onsite,mid,unknown,unknown,unknown,taleo,N/A,2026-06-07T18:01:28.781025+00:00,https://textron.taleo.net/careersection/textron/jobdetail.ftl?job=1539391,
Textron,,1539131,,United States of America,,onsite,mid,unknown,unknown,unknown,taleo,N/A,2026-06-07T18:01:28.781039+00:00,https://textron.taleo.net/careersection/textron/jobdetail.ftl?job=1539131,
Textron,,1539392,,United States of America,,onsite,mid,unknown,unknown,unknown,taleo,N/A,2026-06-07T18:01:28.781054+00:00,https://textron.taleo.net/careersection/textron/jobdetail.ftl?job=1539392,
Textron,,1539007,,United States of America,,onsite,mid,unknown,unknown,unknown,taleo,N/A,2026-06-07T18:01:28.781068+00:00,https://textron.taleo.net/careersection/textron/jobdetail.ftl?job=1539007,
Textron,,1536333,,United States of America,,onsite,mid,unknown,unknown,unknown,taleo,N/A,2026-06-07T18:01:28.781082+00:00,https://textron.taleo.net/careersection/textron/jobdetail.ftl?job=1536333,
Textron,,1539388,,United States of America,,onsite,mid,unknown,unknown,unknown,taleo,N/A,2026-06-07T18:01:28.781096+00:00,https://textron.taleo.net/careersection/textron/jobdetail.ftl?job=1539388,
Textron,,1539387,,United States of America,,onsite,mid,unknown,unknown,unknown,taleo,N/A,2026-06-07T18:01:28.781109+00:00,https://textron.taleo.net/careersection/textron/jobdetail.ftl?job=1539387,
Textron,,1539368,,United States of America,,onsite,mid,unknown,unknown,unknown,taleo,N/A,2026-06-07T18:01:28.781123+00:00,https://textron.taleo.net/careersection/textron/jobdetail.ftl?job=1539368,
Textron,,1539312,,United States of America,,onsite,mid,unknown,unknown,unknown,taleo,N/A,2026-06-07T18:01:28.781137+00:00,https://textron.taleo.net/careersection/textron/jobdetail.ftl?job=1539312,
Textron,,1534998,,United States of America,,onsite,mid,unknown,unknown,unknown,taleo,N/A,2026-06-07T18:01:28.781150+00:00,https://textron.taleo.net/careersection/textron/jobdetail.ftl?job=1534998,
Textron,,1538259,,United States of America,,onsite,mid,unknown,unknown,unknown,taleo,N/A,2026-06-07T18:01:28.781164+00:00,https://textron.taleo.net/careersection/textron/jobdetail.ftl?job=1538259,
Textron,,1539331,,United States of America,,onsite,mid,unknown,unknown,unknown,taleo,N/A,2026-06-07T18:01:28.781177+00:00,https://textron.taleo.net/careersection/textron/jobdetail.ftl?job=1539331,
Textron,,1537298,,United States of America,,onsite,mid,unknown,unknown,unknown,taleo,N/A,2026-06-07T18:01:28.781191+00:00,https://textron.taleo.net/careersection/textron/jobdetail.ftl?job=1537298,
Textron,,1537311,,United States of America,,onsite,mid,unknown,unknown,unknown,taleo,N/A,2026-06-07T18:01:28.781205+00:00,https://textron.taleo.net/careersection/textron/jobdetail.ftl?job=1537311,
Textron,,1537247,,United States of America,,onsite,mid,unknown,unknown,unknown,taleo,N/A,2026-06-07T18:01:28.781219+00:00,https://textron.taleo.net/careersection/textron/jobdetail.ftl?job=1537247,
Textron,,1539152,,United States of America,,onsite,mid,unknown,unknown,unknown,taleo,N/A,2026-06-07T18:01:28.781234+00:00,https://textron.taleo.net/careersection/textron/jobdetail.ftl?job=1539152,
Textron,,1536583,,United States of America,,onsite,mid,unknown,unknown,unknown,taleo,N/A,2026-06-07T18:01:28.781248+00:00,https://textron.taleo.net/careersection/textron/jobdetail.ftl?job=1536583,
Textron,,1539166,,United States of America,,onsite,mid,unknown,unknown,unknown,taleo,N/A,2026-06-07T18:01:28.781262+00:00,https://textron.taleo.net/careersection/textron/jobdetail.ftl?job=1539166,
Textron,,1539366,,United States of America,,onsite,mid,unknown,unknown,unknown,taleo,N/A,2026-06-07T18:01:28.781276+00:00,https://textron.taleo.net/careersection/textron/jobdetail.ftl?job=1539366,
Textron,,1537646,,United States of America,,onsite,mid,unknown,unknown,unknown,taleo,N/A,2026-06-07T18:01:28.781291+00:00,https://textron.taleo.net/careersection/textron/jobdetail.ftl?job=1537646,
Textron,,1537754,,United States of America,,onsite,mid,unknown,unknown,unknown,taleo,N/A,2026-06-07T18:01:28.781305+00:00,https://textron.taleo.net/careersection/textron/jobdetail.ftl?job=1537754,
Textron,,1534553,,United States of America,,onsite,mid,unknown,unknown,unknown,taleo,N/A,2026-06-07T18:01:28.781319+00:00,https://textron.taleo.net/careersection/textron/jobdetail.ftl?job=1534553,
Textron,,1539164,,United States of America,,onsite,mid,unknown,unknown,unknown,taleo,N/A,2026-06-07T18:01:28.781333+00:00,https://textron.taleo.net/careersection/textron/jobdetail.ftl?job=1539164,
Textron,,1539029,,United States of America,,onsite,mid,unknown,unknown,unknown,taleo,N/A,2026-06-07T18:01:28.781347+00:00,https://textron.taleo.net/careersection/textron/jobdetail.ftl?job=1539029,
Textron,,1538588,,United States of America,,onsite,mid,unknown,unknown,unknown,taleo,N/A,2026-06-07T18:01:28.781361+00:00,https://textron.taleo.net/careersection/textron/jobdetail.ftl?job=1538588,
Textron,,1536356,,United States of America,,onsite,mid,unknown,unknown,unknown,taleo,N/A,2026-06-07T18:01:28.781375+00:00,https://textron.taleo.net/careersection/textron/jobdetail.ftl?job=1536356,
Textron,,1538386,,United States of America,,onsite,mid,unknown,unknown,unknown,taleo,N/A,2026-06-07T18:01:28.781388+00:00,https://textron.taleo.net/careersection/textron/jobdetail.ftl?job=1538386,
Textron,,1539156,,United States of America,,onsite,mid,unknown,unknown,unknown,taleo,N/A,2026-06-07T18:01:28.781406+00:00,https://textron.taleo.net/careersection/textron/jobdetail.ftl?job=1539156,
Textron,,1533626,,United States of America,,onsite,mid,unknown,unknown,unknown,taleo,N/A,2026-06-07T18:01:28.781420+00:00,https://textron.taleo.net/careersection/textron/jobdetail.ftl?job=1533626,
Textron,,1539171,,United States of America,,onsite,mid,unknown,unknown,unknown,taleo,N/A,2026-06-07T18:01:28.781434+00:00,https://textron.taleo.net/careersection/textron/jobdetail.ftl?job=1539171,
Textron,,1536427,,United States of America,,onsite,mid,unknown,unknown,unknown,taleo,N/A,2026-06-07T18:01:28.781448+00:00,https://textron.taleo.net/careersection/textron/jobdetail.ftl?job=1536427,
Textron,,1539127,,United States of America,,onsite,mid,unknown,unknown,unknown,taleo,N/A,2026-06-07T18:01:28.781462+00:00,https://textron.taleo.net/careersection/textron/jobdetail.ftl?job=1539127,
Textron,,1536593,,United States of America,,onsite,mid,unknown,unknown,unknown,taleo,N/A,2026-06-07T18:01:28.781476+00:00,https://textron.taleo.net/careersection/textron/jobdetail.ftl?job=1536593,
Textron,,1535972,,United States of America,,onsite,mid,unknown,unknown,unknown,taleo,N/A,2026-06-07T18:01:28.781490+00:00,https://textron.taleo.net/careersection/textron/jobdetail.ftl?job=1535972,
Textron,,1539013,,United States of America,,onsite,mid,unknown,unknown,unknown,taleo,N/A,2026-06-07T18:01:28.781504+00:00,https://textron.taleo.net/careersection/textron/jobdetail.ftl?job=1539013,
Textron,,1539014,,United States of America,,onsite,mid,unknown,unknown,unknown,taleo,N/A,2026-06-07T18:01:28.781518+00:00,https://textron.taleo.net/careersection/textron/jobdetail.ftl?job=1539014,
Textron,,1539031,,United States of America,,onsite,mid,unknown,unknown,unknown,taleo,N/A,2026-06-07T18:01:28.781532+00:00,https://textron.taleo.net/careersection/textron/jobdetail.ftl?job=1539031,
Textron,,1539108,,United States of America,,onsite,mid,unknown,unknown,unknown,taleo,N/A,2026-06-07T18:01:28.781545+00:00,https://textron.taleo.net/careersection/textron/jobdetail.ftl?job=1539108,
Textron,,1538969,,United States of America,,onsite,mid,unknown,unknown,unknown,taleo,N/A,2026-06-07T18:01:28.781559+00:00,https://textron.taleo.net/careersection/textron/jobdetail.ftl?job=1538969,
Textron,,1538529,,United States of America,,onsite,mid,unknown,unknown,unknown,taleo,N/A,2026-06-07T18:01:28.781573+00:00,https://textron.taleo.net/careersection/textron/jobdetail.ftl?job=1538529,
Textron,,1538532,,United States of America,,onsite,mid,unknown,unknown,unknown,taleo,N/A,2026-06-07T18:01:28.781587+00:00,https://textron.taleo.net/careersection/textron/jobdetail.ftl?job=1538532,
Textron,,1539011,,United States of America,,onsite,mid,unknown,unknown,unknown,taleo,N/A,2026-06-07T18:01:28.781601+00:00,https://textron.taleo.net/careersection/textron/jobdetail.ftl?job=1539011,
Textron,,1536370,,United States of America,,onsite,mid,unknown,unknown,unknown,taleo,N/A,2026-06-07T18:01:28.781615+00:00,https://textron.taleo.net/careersection/textron/jobdetail.ftl?job=1536370,
Textron,,1538528,,United States of America,,onsite,mid,unknown,unknown,unknown,taleo,N/A,2026-06-07T18:01:28.781628+00:00,https://textron.taleo.net/careersection/textron/jobdetail.ftl?job=1538528,
Textron,,1539010,,United States of America,,onsite,mid,unknown,unknown,unknown,taleo,N/A,2026-06-07T18:01:28.781647+00:00,https://textron.taleo.net/careersection/textron/jobdetail.ftl?job=1539010,
Textron,,1539009,,United States of America,,onsite,mid,unknown,unknown,unknown,taleo,N/A,2026-06-07T18:01:28.781660+00:00,https://textron.taleo.net/careersection/textron/jobdetail.ftl?job=1539009,
Textron,,1537353,,United States of America,,onsite,mid,unknown,unknown,unknown,taleo,N/A,2026-06-07T18:01:28.781675+00:00,https://textron.taleo.net/careersection/textron/jobdetail.ftl?job=1537353,
Textron,,1534307,,United States of America,,onsite,mid,unknown,unknown,unknown,taleo,N/A,2026-06-07T18:01:28.781689+00:00,https://textron.taleo.net/careersection/textron/jobdetail.ftl?job=1534307,
Textron,,1538990,,United States of America,,onsite,mid,unknown,unknown,unknown,taleo,N/A,2026-06-07T18:01:28.781703+00:00,https://textron.taleo.net/careersection/textron/jobdetail.ftl?job=1538990,
Textron,,1538989,,United States of America,,onsite,mid,unknown,unknown,unknown,taleo,N/A,2026-06-07T18:01:28.781717+00:00,https://textron.taleo.net/careersection/textron/jobdetail.ftl?job=1538989,
Textron,,1538988,,United States of America,,onsite,mid,unknown,unknown,unknown,taleo,N/A,2026-06-07T18:01:28.781731+00:00,https://textron.taleo.net/careersection/textron/jobdetail.ftl?job=1538988,
Textron,,1538821,,United States of America,,onsite,mid,unknown,unknown,unknown,taleo,N/A,2026-06-07T18:01:28.781745+00:00,https://textron.taleo.net/careersection/textron/jobdetail.ftl?job=1538821,
Textron,,1538256,,United States of America,,onsite,mid,unknown,unknown,unknown,taleo,N/A,2026-06-07T18:01:28.781759+00:00,https://textron.taleo.net/careersection/textron/jobdetail.ftl?job=1538256,
Textron,,1538986,,United States of America,,onsite,mid,unknown,unknown,unknown,taleo,N/A,2026-06-07T18:01:28.781773+00:00,https://textron.taleo.net/careersection/textron/jobdetail.ftl?job=1538986,
Textron,,1538587,,United States of America,,onsite,mid,unknown,unknown,unknown,taleo,N/A,2026-06-07T18:01:28.781787+00:00,https://textron.taleo.net/careersection/textron/jobdetail.ftl?job=1538587,
Textron,,1535536,,United States of America,,onsite,mid,unknown,unknown,unknown,taleo,N/A,2026-06-07T18:01:28.781801+00:00,https://textron.taleo.net/careersection/textron/jobdetail.ftl?job=1535536,
Textron,,1537790,,United States of America,,onsite,mid,unknown,unknown,unknown,taleo,N/A,2026-06-07T18:01:28.781815+00:00,https://textron.taleo.net/careersection/textron/jobdetail.ftl?job=1537790,
Textron,,1537386,,United States of America,,onsite,mid,unknown,unknown,unknown,taleo,N/A,2026-06-07T18:01:28.781828+00:00,https://textron.taleo.net/careersection/textron/jobdetail.ftl?job=1537386,
Textron,,1528708,,United States of America,,onsite,mid,unknown,unknown,unknown,taleo,N/A,2026-06-07T18:01:28.781842+00:00,https://textron.taleo.net/careersection/textron/jobdetail.ftl?job=1528708,
Textron,,1538571,,United States of America,,onsite,mid,unknown,unknown,unknown,taleo,N/A,2026-06-07T18:01:28.781856+00:00,https://textron.taleo.net/careersection/textron/jobdetail.ftl?job=1538571,
Textron,,1538509,,United States of America,,onsite,mid,unknown,unknown,unknown,taleo,N/A,2026-06-07T18:01:28.781870+00:00,https://textron.taleo.net/careersection/textron/jobdetail.ftl?job=1538509,
Textron,,1538380,,United States of America,,onsite,mid,unknown,unknown,unknown,taleo,N/A,2026-06-07T18:01:28.781884+00:00,https://textron.taleo.net/careersection/textron/jobdetail.ftl?job=1538380,
Textron,,1529593,,United States of America,,onsite,mid,unknown,unknown,unknown,taleo,N/A,2026-06-07T18:01:28.781906+00:00,https://textron.taleo.net/careersection/textron/jobdetail.ftl?job=1529593,
Textron,,1536526,,United States of America,,onsite,mid,unknown,unknown,unknown,taleo,N/A,2026-06-07T18:01:28.781921+00:00,https://textron.taleo.net/careersection/textron/jobdetail.ftl?job=1536526,
Textron,,1536348,,United States of America,,onsite,mid,unknown,unknown,unknown,taleo,N/A,2026-06-07T18:01:28.781935+00:00,https://textron.taleo.net/careersection/textron/jobdetail.ftl?job=1536348,
Textron,,1530886,,United States of America,,onsite,mid,unknown,unknown,unknown,taleo,N/A,2026-06-07T18:01:28.781949+00:00,https://textron.taleo.net/careersection/textron/jobdetail.ftl?job=1530886,
Textron,,1535505,,United States of America,,onsite,mid,unknown,unknown,unknown,taleo,N/A,2026-06-07T18:01:28.781962+00:00,https://textron.taleo.net/careersection/textron/jobdetail.ftl?job=1535505,
Textron,,1533746,,United States of America,,onsite,mid,unknown,unknown,unknown,taleo,N/A,2026-06-07T18:01:28.781976+00:00,https://textron.taleo.net/careersection/textron/jobdetail.ftl?job=1533746,
Textron,,1538272,,United States of America,,onsite,mid,unknown,unknown,unknown,taleo,N/A,2026-06-07T18:01:28.781990+00:00,https://textron.taleo.net/careersection/textron/jobdetail.ftl?job=1538272,
Textron,,1538519,,United States of America,,onsite,mid,unknown,unknown,unknown,taleo,N/A,2026-06-07T18:01:28.782004+00:00,https://textron.taleo.net/careersection/textron/jobdetail.ftl?job=1538519,
Textron,,1537275,,United States of America,,onsite,mid,unknown,unknown,unknown,taleo,N/A,2026-06-07T18:01:28.782018+00:00,https://textron.taleo.net/careersection/textron/jobdetail.ftl?job=1537275,
Textron,,1538627,,United States of America,,onsite,mid,unknown,unknown,unknown,taleo,N/A,2026-06-07T18:01:28.782032+00:00,https://textron.taleo.net/careersection/textron/jobdetail.ftl?job=1538627,
Textron,,1538589,,United States of America,,onsite,mid,unknown,unknown,unknown,taleo,N/A,2026-06-07T18:01:28.782046+00:00,https://textron.taleo.net/careersection/textron/jobdetail.ftl?job=1538589,
Textron,,1538611,,United States of America,,onsite,mid,unknown,unknown,unknown,taleo,N/A,2026-06-07T18:01:28.782059+00:00,https://textron.taleo.net/careersection/textron/jobdetail.ftl?job=1538611,
Textron,,1534864,,United States of America,,onsite,mid,unknown,unknown,unknown,taleo,N/A,2026-06-07T18:01:28.782073+00:00,https://textron.taleo.net/careersection/textron/jobdetail.ftl?job=1534864,
Textron,,1538626,,United States of America,,onsite,mid,unknown,unknown,unknown,taleo,N/A,2026-06-07T18:01:28.782087+00:00,https://textron.taleo.net/careersection/textron/jobdetail.ftl?job=1538626,
Textron,,1538416,,United States of America,,onsite,mid,unknown,unknown,unknown,taleo,N/A,2026-06-07T18:01:28.782101+00:00,https://textron.taleo.net/careersection/textron/jobdetail.ftl?job=1538416,
Textron,,1538522,,United States of America,,onsite,mid,unknown,unknown,unknown,taleo,N/A,2026-06-07T18:01:28.782119+00:00,https://textron.taleo.net/careersection/textron/jobdetail.ftl?job=1538522,
Textron,,1536595,,United States of America,,onsite,mid,unknown,unknown,unknown,taleo,N/A,2026-06-07T18:01:28.782134+00:00,https://textron.taleo.net/careersection/textron/jobdetail.ftl?job=1536595,
Textron,,1538556,,United States of America,,onsite,mid,unknown,unknown,unknown,taleo,N/A,2026-06-07T18:01:28.782148+00:00,https://textron.taleo.net/careersection/textron/jobdetail.ftl?job=1538556,
Textron,,1538489,,United States of America,,onsite,mid,unknown,unknown,unknown,taleo,N/A,2026-06-07T18:01:28.782163+00:00,https://textron.taleo.net/careersection/textron/jobdetail.ftl?job=1538489,
Textron,,1536452,,United States of America,,onsite,mid,unknown,unknown,unknown,taleo,N/A,2026-06-07T18:01:28.782176+00:00,https://textron.taleo.net/careersection/textron/jobdetail.ftl?job=1536452,
Textron,,1537444,,United States of America,,onsite,mid,unknown,unknown,unknown,taleo,N/A,2026-06-07T18:01:28.782190+00:00,https://textron.taleo.net/careersection/textron/jobdetail.ftl?job=1537444,
Textron,,1538552,,United States of America,,onsite,mid,unknown,unknown,unknown,taleo,N/A,2026-06-07T18:01:28.782204+00:00,https://textron.taleo.net/careersection/textron/jobdetail.ftl?job=1538552,
Textron,,1538567,,United States of America,,onsite,mid,unknown,unknown,unknown,taleo,N/A,2026-06-07T18:01:28.782218+00:00,https://textron.taleo.net/careersection/textron/jobdetail.ftl?job=1538567,
Textron,,1536767,,United States of America,,onsite,mid,unknown,unknown,unknown,taleo,N/A,2026-06-07T18:01:28.782232+00:00,https://textron.taleo.net/careersection/textron/jobdetail.ftl?job=1536767,
Textron,,1538499,,United States of America,,onsite,mid,unknown,unknown,unknown,taleo,N/A,2026-06-07T18:01:28.782246+00:00,https://textron.taleo.net/careersection/textron/jobdetail.ftl?job=1538499,
Textron,,1538548,,United States of America,,onsite,mid,unknown,unknown,unknown,taleo,N/A,2026-06-07T18:01:28.782260+00:00,https://textron.taleo.net/careersection/textron/jobdetail.ftl?job=1538548,
Textron,,1537609,,United States of America,,onsite,mid,unknown,unknown,unknown,taleo,N/A,2026-06-07T18:01:28.782273+00:00,https://textron.taleo.net/careersection/textron/jobdetail.ftl?job=1537609,
Textron,,1537572,,United States of America,,onsite,mid,unknown,unknown,unknown,taleo,N/A,2026-06-07T18:01:28.782287+00:00,https://textron.taleo.net/careersection/textron/jobdetail.ftl?job=1537572,
Textron,,1538255,,United States of America,,onsite,mid,unknown,unknown,unknown,taleo,N/A,2026-06-07T18:01:28.782312+00:00,https://textron.taleo.net/careersection/textron/jobdetail.ftl?job=1538255,
Textron,,1538471,,United States of America,,onsite,mid,unknown,unknown,unknown,taleo,N/A,2026-06-07T18:01:28.782327+00:00,https://textron.taleo.net/careersection/textron/jobdetail.ftl?job=1538471,
Textron,,1538531,,United States of America,,onsite,mid,unknown,unknown,unknown,taleo,N/A,2026-06-07T18:01:28.782341+00:00,https://textron.taleo.net/careersection/textron/jobdetail.ftl?job=1538531,
Textron,,1538470,,United States of America,,onsite,mid,unknown,unknown,unknown,taleo,N/A,2026-06-07T18:01:28.782355+00:00,https://textron.taleo.net/careersection/textron/jobdetail.ftl?job=1538470,
Textron,,1538491,,United States of America,,onsite,mid,unknown,unknown,unknown,taleo,N/A,2026-06-07T18:01:28.782369+00:00,https://textron.taleo.net/careersection/textron/jobdetail.ftl?job=1538491,
Textron,,1538378,,United States of America,,onsite,mid,unknown,unknown,unknown,taleo,N/A,2026-06-07T18:01:28.782383+00:00,https://textron.taleo.net/careersection/textron/jobdetail.ftl?job=1538378,
Textron,,1538347,,United States of America,,onsite,mid,unknown,unknown,unknown,taleo,N/A,2026-06-07T18:01:28.782397+00:00,https://textron.taleo.net/careersection/textron/jobdetail.ftl?job=1538347,
Textron,,1538450,,United States of America,,onsite,mid,unknown,unknown,unknown,taleo,N/A,2026-06-07T18:01:28.782410+00:00,https://textron.taleo.net/careersection/textron/jobdetail.ftl?job=1538450,
Textron,,1538449,,United States of America,,onsite,mid,unknown,unknown,unknown,taleo,N/A,2026-06-07T18:01:28.782427+00:00,https://textron.taleo.net/careersection/textron/jobdetail.ftl?job=1538449,
Textron,,1538269,,United States of America,,onsite,mid,unknown,unknown,unknown,taleo,N/A,2026-06-07T18:01:28.782441+00:00,https://textron.taleo.net/careersection/textron/jobdetail.ftl?job=1538269,
Textron,,1538393,,United States of America,,onsite,mid,unknown,unknown,unknown,taleo,N/A,2026-06-07T18:01:28.782455+00:00,https://textron.taleo.net/careersection/textron/jobdetail.ftl?job=1538393,
Textron,,1538331,,United States of America,,onsite,mid,unknown,unknown,unknown,taleo,N/A,2026-06-07T18:01:28.782468+00:00,https://textron.taleo.net/careersection/textron/jobdetail.ftl?job=1538331,
Textron,,1538372,,United States of America,,onsite,mid,unknown,unknown,unknown,taleo,N/A,2026-06-07T18:01:28.782482+00:00,https://textron.taleo.net/careersection/textron/jobdetail.ftl?job=1538372,
Textron,,1538391,,United States of America,,onsite,mid,unknown,unknown,unknown,taleo,N/A,2026-06-07T18:01:28.782496+00:00,https://textron.taleo.net/careersection/textron/jobdetail.ftl?job=1538391,
Textron,,1537973,,United States of America,,onsite,mid,unknown,unknown,unknown,taleo,N/A,2026-06-07T18:01:28.782509+00:00,https://textron.taleo.net/careersection/textron/jobdetail.ftl?job=1537973,
Textron,,1538410,,United States of America,,onsite,mid,unknown,unknown,unknown,taleo,N/A,2026-06-07T18:01:28.782523+00:00,https://textron.taleo.net/careersection/textron/jobdetail.ftl?job=1538410,
Textron,,1538411,,United States of America,,onsite,mid,unknown,unknown,unknown,taleo,N/A,2026-06-07T18:01:28.782537+00:00,https://textron.taleo.net/careersection/textron/jobdetail.ftl?job=1538411,
Textron,,1538108,,United States of America,,onsite,mid,unknown,unknown,unknown,taleo,N/A,2026-06-07T18:01:28.782551+00:00,https://textron.taleo.net/careersection/textron/jobdetail.ftl?job=1538108,
Textron,,1536474,,United States of America,,onsite,mid,unknown,unknown,unknown,taleo,N/A,2026-06-07T18:01:28.782564+00:00,https://textron.taleo.net/careersection/textron/jobdetail.ftl?job=1536474,
Textron,,1537449,,United States of America,,onsite,mid,unknown,unknown,unknown,taleo,N/A,2026-06-07T18:01:28.782578+00:00,https://textron.taleo.net/careersection/textron/jobdetail.ftl?job=1537449,
Textron,,1535866,,United States of America,,onsite,mid,unknown,unknown,unknown,taleo,N/A,2026-06-07T18:01:28.782592+00:00,https://textron.taleo.net/careersection/textron/jobdetail.ftl?job=1535866,
Textron,,1538329,,United States of America,,onsite,mid,unknown,unknown,unknown,taleo,N/A,2026-06-07T18:01:28.782605+00:00,https://textron.taleo.net/careersection/textron/jobdetail.ftl?job=1538329,
Textron,,1536470,,United States of America,,onsite,mid,unknown,unknown,unknown,taleo,N/A,2026-06-07T18:01:28.782619+00:00,https://textron.taleo.net/careersection/textron/jobdetail.ftl?job=1536470,
Textron,,1537767,,United States of America,,onsite,mid,unknown,unknown,unknown,taleo,N/A,2026-06-07T18:01:28.782632+00:00,https://textron.taleo.net/careersection/textron/jobdetail.ftl?job=1537767,
Textron,,1538267,,United States of America,,onsite,mid,unknown,unknown,unknown,taleo,N/A,2026-06-07T18:01:28.782646+00:00,https://textron.taleo.net/careersection/textron/jobdetail.ftl?job=1538267,
Textron,,1538195,,United States of America,,onsite,mid,unknown,unknown,unknown,taleo,N/A,2026-06-07T18:01:28.782660+00:00,https://textron.taleo.net/careersection/textron/jobdetail.ftl?job=1538195,
Textron,,1538268,,United States of America,,onsite,mid,unknown,unknown,unknown,taleo,N/A,2026-06-07T18:01:28.782673+00:00,https://textron.taleo.net/careersection/textron/jobdetail.ftl?job=1538268,
Textron,,1537867,,United States of America,,onsite,mid,unknown,unknown,unknown,taleo,N/A,2026-06-07T18:01:28.782687+00:00,https://textron.taleo.net/careersection/textron/jobdetail.ftl?job=1537867,
Textron,,1537731,,United States of America,,onsite,mid,unknown,unknown,unknown,taleo,N/A,2026-06-07T18:01:28.782701+00:00,https://textron.taleo.net/careersection/textron/jobdetail.ftl?job=1537731,
Textron,,1538248,,United States of America,,onsite,mid,unknown,unknown,unknown,taleo,N/A,2026-06-07T18:01:28.782715+00:00,https://textron.taleo.net/careersection/textron/jobdetail.ftl?job=1538248,
Textron,,1538074,,United States of America,,onsite,mid,unknown,unknown,unknown,taleo,N/A,2026-06-07T18:01:28.782729+00:00,https://textron.taleo.net/careersection/textron/jobdetail.ftl?job=1538074,
Textron,,1538071,,United States of America,,onsite,mid,unknown,unknown,unknown,taleo,N/A,2026-06-07T18:01:28.782743+00:00,https://textron.taleo.net/careersection/textron/jobdetail.ftl?job=1538071,
Textron,,1538069,,United States of America,,onsite,mid,unknown,unknown,unknown,taleo,N/A,2026-06-07T18:01:28.782756+00:00,https://textron.taleo.net/careersection/textron/jobdetail.ftl?job=1538069,
Textron,,1537732,,United States of America,,onsite,mid,unknown,unknown,unknown,taleo,N/A,2026-06-07T18:01:28.782770+00:00,https://textron.taleo.net/careersection/textron/jobdetail.ftl?job=1537732,
Textron,,1537367,,United States of America,,onsite,mid,unknown,unknown,unknown,taleo,N/A,2026-06-07T18:01:28.782784+00:00,https://textron.taleo.net/careersection/textron/jobdetail.ftl?job=1537367,
Textron,,1535835,,United States of America,,onsite,mid,unknown,unknown,unknown,taleo,N/A,2026-06-07T18:01:28.782798+00:00,https://textron.taleo.net/careersection/textron/jobdetail.ftl?job=1535835,
Textron,,1537793,,United States of America,,onsite,mid,unknown,unknown,unknown,taleo,N/A,2026-06-07T18:01:28.782812+00:00,https://textron.taleo.net/careersection/textron/jobdetail.ftl?job=1537793,
Textron,,1536399,,United States of America,,onsite,mid,unknown,unknown,unknown,taleo,N/A,2026-06-07T18:01:28.782827+00:00,https://textron.taleo.net/careersection/textron/jobdetail.ftl?job=1536399,
Textron,,1537802,,United States of America,,onsite,mid,unknown,unknown,unknown,taleo,N/A,2026-06-07T18:01:28.782842+00:00,https://textron.taleo.net/careersection/textron/jobdetail.ftl?job=1537802,
Textron,,1537414,,United States of America,,onsite,mid,unknown,unknown,unknown,taleo,N/A,2026-06-07T18:01:28.782855+00:00,https://textron.taleo.net/careersection/textron/jobdetail.ftl?job=1537414,
Textron,,1537799,,United States of America,,onsite,mid,unknown,unknown,unknown,taleo,N/A,2026-06-07T18:01:28.782869+00:00,https://textron.taleo.net/careersection/textron/jobdetail.ftl?job=1537799,
Textron,,1537795,,United States of America,,onsite,mid,unknown,unknown,unknown,taleo,N/A,2026-06-07T18:01:28.782882+00:00,https://textron.taleo.net/careersection/textron/jobdetail.ftl?job=1537795,
Textron,,1537526,,United States of America,,onsite,mid,unknown,unknown,unknown,taleo,N/A,2026-06-07T18:01:28.782896+00:00,https://textron.taleo.net/careersection/textron/jobdetail.ftl?job=1537526,
Textron,,1537335,,United States of America,,onsite,mid,unknown,unknown,unknown,taleo,N/A,2026-06-07T18:01:28.782910+00:00,https://textron.taleo.net/careersection/textron/jobdetail.ftl?job=1537335,
Textron,,1533505,,United States of America,,onsite,mid,unknown,unknown,unknown,taleo,N/A,2026-06-07T18:01:28.782924+00:00,https://textron.taleo.net/careersection/textron/jobdetail.ftl?job=1533505,
Textron,,1537773,,United States of America,,onsite,mid,unknown,unknown,unknown,taleo,N/A,2026-06-07T18:01:28.782938+00:00,https://textron.taleo.net/careersection/textron/jobdetail.ftl?job=1537773,
Textron,,1537830,,United States of America,,onsite,mid,unknown,unknown,unknown,taleo,N/A,2026-06-07T18:01:28.782951+00:00,https://textron.taleo.net/careersection/textron/jobdetail.ftl?job=1537830,
Textron,,1537432,,United States of America,,onsite,mid,unknown,unknown,unknown,taleo,N/A,2026-06-07T18:01:28.782966+00:00,https://textron.taleo.net/careersection/textron/jobdetail.ftl?job=1537432,
Textron,,1533528,,United States of America,,onsite,mid,unknown,unknown,unknown,taleo,N/A,2026-06-07T18:01:28.782979+00:00,https://textron.taleo.net/careersection/textron/jobdetail.ftl?job=1533528,
Textron,,1537498,,United States of America,,onsite,mid,unknown,unknown,unknown,taleo,N/A,2026-06-07T18:01:28.782993+00:00,https://textron.taleo.net/careersection/textron/jobdetail.ftl?job=1537498,
Textron,,1537506,,United States of America,,onsite,mid,unknown,unknown,unknown,taleo,N/A,2026-06-07T18:01:28.783007+00:00,https://textron.taleo.net/careersection/textron/jobdetail.ftl?job=1537506,
Textron,,1534164,,United States of America,,onsite,mid,unknown,unknown,unknown,taleo,N/A,2026-06-07T18:01:28.783021+00:00,https://textron.taleo.net/careersection/textron/jobdetail.ftl?job=1534164,
Textron,,1537810,,United States of America,,onsite,mid,unknown,unknown,unknown,taleo,N/A,2026-06-07T18:01:28.783035+00:00,https://textron.taleo.net/careersection/textron/jobdetail.ftl?job=1537810,
Textron,,1537787,,United States of America,,onsite,mid,unknown,unknown,unknown,taleo,N/A,2026-06-07T18:01:28.783049+00:00,https://textron.taleo.net/careersection/textron/jobdetail.ftl?job=1537787,
Textron,,1537786,,United States of America,,onsite,mid,unknown,unknown,unknown,taleo,N/A,2026-06-07T18:01:28.783063+00:00,https://textron.taleo.net/careersection/textron/jobdetail.ftl?job=1537786,
Textron,,1365846,,United States of America,,onsite,mid,unknown,unknown,unknown,taleo,N/A,2026-06-07T18:01:28.783076+00:00,https://textron.taleo.net/careersection/textron/jobdetail.ftl?job=1365846,
Textron,,1535926,,United States of America,,onsite,mid,unknown,unknown,unknown,taleo,N/A,2026-06-07T18:01:28.783090+00:00,https://textron.taleo.net/careersection/textron/jobdetail.ftl?job=1535926,
Textron,,1537771,,United States of America,,onsite,mid,unknown,unknown,unknown,taleo,N/A,2026-06-07T18:01:28.783104+00:00,https://textron.taleo.net/careersection/textron/jobdetail.ftl?job=1537771,
Textron,,1537493,,United States of America,,onsite,mid,unknown,unknown,unknown,taleo,N/A,2026-06-07T18:01:28.783118+00:00,https://textron.taleo.net/careersection/textron/jobdetail.ftl?job=1537493,
Textron,,1533484,,United States of America,,onsite,mid,unknown,unknown,unknown,taleo,N/A,2026-06-07T18:01:28.783132+00:00,https://textron.taleo.net/careersection/textron/jobdetail.ftl?job=1533484,
Textron,,1537710,,United States of America,,onsite,mid,unknown,unknown,unknown,taleo,N/A,2026-06-07T18:01:28.783145+00:00,https://textron.taleo.net/careersection/textron/jobdetail.ftl?job=1537710,
Textron,,1533143,,United States of America,,onsite,mid,unknown,unknown,unknown,taleo,N/A,2026-06-07T18:01:28.783159+00:00,https://textron.taleo.net/careersection/textron/jobdetail.ftl?job=1533143,
Textron,,1535971,,United States of America,,onsite,mid,unknown,unknown,unknown,taleo,N/A,2026-06-07T18:01:28.783173+00:00,https://textron.taleo.net/careersection/textron/jobdetail.ftl?job=1535971,
Textron,,1537641,,United States of America,,onsite,mid,unknown,unknown,unknown,taleo,N/A,2026-06-07T18:01:28.783186+00:00,https://textron.taleo.net/careersection/textron/jobdetail.ftl?job=1537641,
Textron,,1537667,,United States of America,,onsite,mid,unknown,unknown,unknown,taleo,N/A,2026-06-07T18:01:28.783200+00:00,https://textron.taleo.net/careersection/textron/jobdetail.ftl?job=1537667,
Textron,,1537548,,United States of America,,onsite,mid,unknown,unknown,unknown,taleo,N/A,2026-06-07T18:01:28.783214+00:00,https://textron.taleo.net/careersection/textron/jobdetail.ftl?job=1537548,
Textron,,1537635,,United States of America,,onsite,mid,unknown,unknown,unknown,taleo,N/A,2026-06-07T18:01:28.783227+00:00,https://textron.taleo.net/careersection/textron/jobdetail.ftl?job=1537635,
Textron,,1537562,,United States of America,,onsite,mid,unknown,unknown,unknown,taleo,N/A,2026-06-07T18:01:28.783241+00:00,https://textron.taleo.net/careersection/textron/jobdetail.ftl?job=1537562,
Textron,,1537310,,United States of America,,onsite,mid,unknown,unknown,unknown,taleo,N/A,2026-06-07T18:01:28.783255+00:00,https://textron.taleo.net/careersection/textron/jobdetail.ftl?job=1537310,
Textron,,1537563,,United States of America,,onsite,mid,unknown,unknown,unknown,taleo,N/A,2026-06-07T18:01:28.783268+00:00,https://textron.taleo.net/careersection/textron/jobdetail.ftl?job=1537563,
Textron,,1537560,,United States of America,,onsite,mid,unknown,unknown,unknown,taleo,N/A,2026-06-07T18:01:28.783282+00:00,https://textron.taleo.net/careersection/textron/jobdetail.ftl?job=1537560,
Textron,,1537628,,United States of America,,onsite,mid,unknown,unknown,unknown,taleo,N/A,2026-06-07T18:01:28.783296+00:00,https://textron.taleo.net/careersection/textron/jobdetail.ftl?job=1537628,
Textron,,1533972,,United States of America,,onsite,mid,unknown,unknown,unknown,taleo,N/A,2026-06-07T18:01:28.783311+00:00,https://textron.taleo.net/careersection/textron/jobdetail.ftl?job=1533972,
Textron,,1514668,,United States of America,,onsite,mid,unknown,unknown,unknown,taleo,N/A,2026-06-07T18:01:28.783325+00:00,https://textron.taleo.net/careersection/textron/jobdetail.ftl?job=1514668,
Textron,,1537626,,United States of America,,onsite,mid,unknown,unknown,unknown,taleo,N/A,2026-06-07T18:01:28.783338+00:00,https://textron.taleo.net/careersection/textron/jobdetail.ftl?job=1537626,
Textron,,1537607,,United States of America,,onsite,mid,unknown,unknown,unknown,taleo,N/A,2026-06-07T18:01:28.783352+00:00,https://textron.taleo.net/careersection/textron/jobdetail.ftl?job=1537607,
Textron,,1537424,,United States of America,,onsite,mid,unknown,unknown,unknown,taleo,N/A,2026-06-07T18:01:28.783366+00:00,https://textron.taleo.net/careersection/textron/jobdetail.ftl?job=1537424,
Textron,,1537569,,United States of America,,onsite,mid,unknown,unknown,unknown,taleo,N/A,2026-06-07T18:01:28.783379+00:00,https://textron.taleo.net/careersection/textron/jobdetail.ftl?job=1537569,
Textron,,1534425,,United States of America,,onsite,mid,unknown,unknown,unknown,taleo,N/A,2026-06-07T18:01:28.783393+00:00,https://textron.taleo.net/careersection/textron/jobdetail.ftl?job=1534425,
Textron,,1537514,,United States of America,,onsite,mid,unknown,unknown,unknown,taleo,N/A,2026-06-07T18:01:28.783407+00:00,https://textron.taleo.net/careersection/textron/jobdetail.ftl?job=1537514,
Textron,,1537513,,United States of America,,onsite,mid,unknown,unknown,unknown,taleo,N/A,2026-06-07T18:01:28.783427+00:00,https://textron.taleo.net/careersection/textron/jobdetail.ftl?job=1537513,
Textron,,1537509,,United States of America,,onsite,mid,unknown,unknown,unknown,taleo,N/A,2026-06-07T18:01:28.783441+00:00,https://textron.taleo.net/careersection/textron/jobdetail.ftl?job=1537509,
Textron,,1537490,,United States of America,,onsite,mid,unknown,unknown,unknown,taleo,N/A,2026-06-07T18:01:28.783454+00:00,https://textron.taleo.net/careersection/textron/jobdetail.ftl?job=1537490,
Textron,,1537434,,United States of America,,onsite,mid,unknown,unknown,unknown,taleo,N/A,2026-06-07T18:01:28.783468+00:00,https://textron.taleo.net/careersection/textron/jobdetail.ftl?job=1537434,
Textron,,1537508,,United States of America,,onsite,mid,unknown,unknown,unknown,taleo,N/A,2026-06-07T18:01:28.783482+00:00,https://textron.taleo.net/careersection/textron/jobdetail.ftl?job=1537508,
Textron,,1537328,,United States of America,,onsite,mid,unknown,unknown,unknown,taleo,N/A,2026-06-07T18:01:28.783495+00:00,https://textron.taleo.net/careersection/textron/jobdetail.ftl?job=1537328,
Textron,,1537429,,United States of America,,onsite,mid,unknown,unknown,unknown,taleo,N/A,2026-06-07T18:01:28.783509+00:00,https://textron.taleo.net/careersection/textron/jobdetail.ftl?job=1537429,
Textron,,1536377,,United States of America,,onsite,mid,unknown,unknown,unknown,taleo,N/A,2026-06-07T18:01:28.783522+00:00,https://textron.taleo.net/careersection/textron/jobdetail.ftl?job=1536377,
Textron,,1537327,,United States of America,,onsite,mid,unknown,unknown,unknown,taleo,N/A,2026-06-07T18:01:28.783535+00:00,https://textron.taleo.net/careersection/textron/jobdetail.ftl?job=1537327,
Textron,,1537430,,United States of America,,onsite,mid,unknown,unknown,unknown,taleo,N/A,2026-06-07T18:01:28.783549+00:00,https://textron.taleo.net/careersection/textron/jobdetail.ftl?job=1537430,
Textron,,1536606,,United States of America,,onsite,mid,unknown,unknown,unknown,taleo,N/A,2026-06-07T18:01:28.783566+00:00,https://textron.taleo.net/careersection/textron/jobdetail.ftl?job=1536606,
Textron,,1537288,,United States of America,,onsite,mid,unknown,unknown,unknown,taleo,N/A,2026-06-07T18:01:28.783580+00:00,https://textron.taleo.net/careersection/textron/jobdetail.ftl?job=1537288,
Textron,,1537329,,United States of America,,onsite,mid,unknown,unknown,unknown,taleo,N/A,2026-06-07T18:01:28.783593+00:00,https://textron.taleo.net/careersection/textron/jobdetail.ftl?job=1537329,
Textron,,1537227,,United States of America,,onsite,mid,unknown,unknown,unknown,taleo,N/A,2026-06-07T18:01:28.783607+00:00,https://textron.taleo.net/careersection/textron/jobdetail.ftl?job=1537227,
Textron,,1537207,,United States of America,,onsite,mid,unknown,unknown,unknown,taleo,N/A,2026-06-07T18:01:28.783620+00:00,https://textron.taleo.net/careersection/textron/jobdetail.ftl?job=1537207,
Textron,,1536889,,United States of America,,onsite,mid,unknown,unknown,unknown,taleo,N/A,2026-06-07T18:01:28.783634+00:00,https://textron.taleo.net/careersection/textron/jobdetail.ftl?job=1536889,
Textron,,1537213,,United States of America,,onsite,mid,unknown,unknown,unknown,taleo,N/A,2026-06-07T18:01:28.783647+00:00,https://textron.taleo.net/careersection/textron/jobdetail.ftl?job=1537213,
Textron,,1537266,,United States of America,,onsite,mid,unknown,unknown,unknown,taleo,N/A,2026-06-07T18:01:28.783661+00:00,https://textron.taleo.net/careersection/textron/jobdetail.ftl?job=1537266,
Textron,,1537211,,United States of America,,onsite,mid,unknown,unknown,unknown,taleo,N/A,2026-06-07T18:01:28.783676+00:00,https://textron.taleo.net/careersection/textron/jobdetail.ftl?job=1537211,
Textron,,1533674,,United States of America,,onsite,mid,unknown,unknown,unknown,taleo,N/A,2026-06-07T18:01:28.783690+00:00,https://textron.taleo.net/careersection/textron/jobdetail.ftl?job=1533674,
Textron,,1537228,,United States of America,,onsite,mid,unknown,unknown,unknown,taleo,N/A,2026-06-07T18:01:28.783704+00:00,https://textron.taleo.net/careersection/textron/jobdetail.ftl?job=1537228,
Textron,,1537260,,United States of America,,onsite,mid,unknown,unknown,unknown,taleo,N/A,2026-06-07T18:01:28.783717+00:00,https://textron.taleo.net/careersection/textron/jobdetail.ftl?job=1537260,
Textron,,1537248,,United States of America,,onsite,mid,unknown,unknown,unknown,taleo,N/A,2026-06-07T18:01:28.783731+00:00,https://textron.taleo.net/careersection/textron/jobdetail.ftl?job=1537248,
Textron,,1537153,,United States of America,,onsite,mid,unknown,unknown,unknown,taleo,N/A,2026-06-07T18:01:28.783745+00:00,https://textron.taleo.net/careersection/textron/jobdetail.ftl?job=1537153,
Textron,,1537208,,United States of America,,onsite,mid,unknown,unknown,unknown,taleo,N/A,2026-06-07T18:01:28.783758+00:00,https://textron.taleo.net/careersection/textron/jobdetail.ftl?job=1537208,
Textron,,1533766,,United States of America,,onsite,mid,unknown,unknown,unknown,taleo,N/A,2026-06-07T18:01:28.783772+00:00,https://textron.taleo.net/careersection/textron/jobdetail.ftl?job=1533766,
Textron,,1534124,,United States of America,,onsite,mid,unknown,unknown,unknown,taleo,N/A,2026-06-07T18:01:28.783785+00:00,https://textron.taleo.net/careersection/textron/jobdetail.ftl?job=1534124,
Textron,,1537148,,United States of America,,onsite,mid,unknown,unknown,unknown,taleo,N/A,2026-06-07T18:01:28.783799+00:00,https://textron.taleo.net/careersection/textron/jobdetail.ftl?job=1537148,
Textron,,1536912,,United States of America,,onsite,mid,unknown,unknown,unknown,taleo,N/A,2026-06-07T18:01:28.783813+00:00,https://textron.taleo.net/careersection/textron/jobdetail.ftl?job=1536912,
Textron,,1536927,,United States of America,,onsite,mid,unknown,unknown,unknown,taleo,N/A,2026-06-07T18:01:28.783826+00:00,https://textron.taleo.net/careersection/textron/jobdetail.ftl?job=1536927,
Textron,,1537126,,United States of America,,onsite,mid,unknown,unknown,unknown,taleo,N/A,2026-06-07T18:01:28.783840+00:00,https://textron.taleo.net/careersection/textron/jobdetail.ftl?job=1537126,
Textron,,1536626,,United States of America,,onsite,mid,unknown,unknown,unknown,taleo,N/A,2026-06-07T18:01:28.783853+00:00,https://textron.taleo.net/careersection/textron/jobdetail.ftl?job=1536626,
Textron,,1534966,,United States of America,,onsite,mid,unknown,unknown,unknown,taleo,N/A,2026-06-07T18:01:28.783870+00:00,https://textron.taleo.net/careersection/textron/jobdetail.ftl?job=1534966,
Textron,,1536949,,United States of America,,onsite,mid,unknown,unknown,unknown,taleo,N/A,2026-06-07T18:01:28.783884+00:00,https://textron.taleo.net/careersection/textron/jobdetail.ftl?job=1536949,
Textron,,1536955,,United States of America,,onsite,mid,unknown,unknown,unknown,taleo,N/A,2026-06-07T18:01:28.783897+00:00,https://textron.taleo.net/careersection/textron/jobdetail.ftl?job=1536955,
Textron,,1533205,,United States of America,,onsite,mid,unknown,unknown,unknown,taleo,N/A,2026-06-07T18:01:28.783911+00:00,https://textron.taleo.net/careersection/textron/jobdetail.ftl?job=1533205,
Textron,,1533244,,United States of America,,onsite,mid,unknown,unknown,unknown,taleo,N/A,2026-06-07T18:01:28.783924+00:00,https://textron.taleo.net/careersection/textron/jobdetail.ftl?job=1533244,
Textron,,1535616,,United States of America,,onsite,mid,unknown,unknown,unknown,taleo,N/A,2026-06-07T18:01:28.783938+00:00,https://textron.taleo.net/careersection/textron/jobdetail.ftl?job=1535616,
Textron,,1537028,,United States of America,,onsite,mid,unknown,unknown,unknown,taleo,N/A,2026-06-07T18:01:28.783952+00:00,https://textron.taleo.net/careersection/textron/jobdetail.ftl?job=1537028,
Textron,,1536986,,United States of America,,onsite,mid,unknown,unknown,unknown,taleo,N/A,2026-06-07T18:01:28.783965+00:00,https://textron.taleo.net/careersection/textron/jobdetail.ftl?job=1536986,
Textron,,1536866,,United States of America,,onsite,mid,unknown,unknown,unknown,taleo,N/A,2026-06-07T18:01:28.783979+00:00,https://textron.taleo.net/careersection/textron/jobdetail.ftl?job=1536866,
Textron,,1536710,,United States of America,,onsite,mid,unknown,unknown,unknown,taleo,N/A,2026-06-07T18:01:28.783993+00:00,https://textron.taleo.net/careersection/textron/jobdetail.ftl?job=1536710,
Textron,,1536134,,United States of America,,onsite,mid,unknown,unknown,unknown,taleo,N/A,2026-06-07T18:01:28.784007+00:00,https://textron.taleo.net/careersection/textron/jobdetail.ftl?job=1536134,
Textron,,1534754,,United States of America,,onsite,mid,unknown,unknown,unknown,taleo,N/A,2026-06-07T18:01:28.784020+00:00,https://textron.taleo.net/careersection/textron/jobdetail.ftl?job=1534754,
Textron,,1536794,,United States of America,,onsite,mid,unknown,unknown,unknown,taleo,N/A,2026-06-07T18:01:28.784034+00:00,https://textron.taleo.net/careersection/textron/jobdetail.ftl?job=1536794,
Textron,,1536818,,United States of America,,onsite,mid,unknown,unknown,unknown,taleo,N/A,2026-06-07T18:01:28.784047+00:00,https://textron.taleo.net/careersection/textron/jobdetail.ftl?job=1536818,
Textron,,1536870,,United States of America,,onsite,mid,unknown,unknown,unknown,taleo,N/A,2026-06-07T18:01:28.784061+00:00,https://textron.taleo.net/careersection/textron/jobdetail.ftl?job=1536870,
Textron,,1536869,,United States of America,,onsite,mid,unknown,unknown,unknown,taleo,N/A,2026-06-07T18:01:28.784076+00:00,https://textron.taleo.net/careersection/textron/jobdetail.ftl?job=1536869,
Textron,,1536812,,United States of America,,onsite,mid,unknown,unknown,unknown,taleo,N/A,2026-06-07T18:01:28.784090+00:00,https://textron.taleo.net/careersection/textron/jobdetail.ftl?job=1536812,
Textron,,1536562,,United States of America,,onsite,mid,unknown,unknown,unknown,taleo,N/A,2026-06-07T18:01:28.784103+00:00,https://textron.taleo.net/careersection/textron/jobdetail.ftl?job=1536562,
Textron,,1534965,,United States of America,,onsite,mid,unknown,unknown,unknown,taleo,N/A,2026-06-07T18:01:28.784126+00:00,https://textron.taleo.net/careersection/textron/jobdetail.ftl?job=1534965,
Textron,,1536827,,United States of America,,onsite,mid,unknown,unknown,unknown,taleo,N/A,2026-06-07T18:01:28.784140+00:00,https://textron.taleo.net/careersection/textron/jobdetail.ftl?job=1536827,
Textron,,1536666,,United States of America,,onsite,mid,unknown,unknown,unknown,taleo,N/A,2026-06-07T18:01:28.784154+00:00,https://textron.taleo.net/careersection/textron/jobdetail.ftl?job=1536666,
Textron,,1536773,,United States of America,,onsite,mid,unknown,unknown,unknown,taleo,N/A,2026-06-07T18:01:28.784167+00:00,https://textron.taleo.net/careersection/textron/jobdetail.ftl?job=1536773,
Textron,,1536594,,United States of America,,onsite,mid,unknown,unknown,unknown,taleo,N/A,2026-06-07T18:01:28.784181+00:00,https://textron.taleo.net/careersection/textron/jobdetail.ftl?job=1536594,
Textron,,1536716,,United States of America,,onsite,mid,unknown,unknown,unknown,taleo,N/A,2026-06-07T18:01:28.784194+00:00,https://textron.taleo.net/careersection/textron/jobdetail.ftl?job=1536716,
Textron,,1536775,,United States of America,,onsite,mid,unknown,unknown,unknown,taleo,N/A,2026-06-07T18:01:28.784207+00:00,https://textron.taleo.net/careersection/textron/jobdetail.ftl?job=1536775,
Textron,,1536772,,United States of America,,onsite,mid,unknown,unknown,unknown,taleo,N/A,2026-06-07T18:01:28.784220+00:00,https://textron.taleo.net/careersection/textron/jobdetail.ftl?job=1536772,
Textron,,1536713,,United States of America,,onsite,mid,unknown,unknown,unknown,taleo,N/A,2026-06-07T18:01:28.784234+00:00,https://textron.taleo.net/careersection/textron/jobdetail.ftl?job=1536713,
Textron,,1536657,,United States of America,,onsite,mid,unknown,unknown,unknown,taleo,N/A,2026-06-07T18:01:28.784248+00:00,https://textron.taleo.net/careersection/textron/jobdetail.ftl?job=1536657,
Textron,,1536711,,United States of America,,onsite,mid,unknown,unknown,unknown,taleo,N/A,2026-06-07T18:01:28.784261+00:00,https://textron.taleo.net/careersection/textron/jobdetail.ftl?job=1536711,
Textron,,1534997,,United States of America,,onsite,mid,unknown,unknown,unknown,taleo,N/A,2026-06-07T18:01:28.784274+00:00,https://textron.taleo.net/careersection/textron/jobdetail.ftl?job=1534997,
Textron,,1534999,,United States of America,,onsite,mid,unknown,unknown,unknown,taleo,N/A,2026-06-07T18:01:28.784288+00:00,https://textron.taleo.net/careersection/textron/jobdetail.ftl?job=1534999,
Textron,,1536211,,United States of America,,onsite,mid,unknown,unknown,unknown,taleo,N/A,2026-06-07T18:01:28.784301+00:00,https://textron.taleo.net/careersection/textron/jobdetail.ftl?job=1536211,
Textron,,1533991,,United States of America,,onsite,mid,unknown,unknown,unknown,taleo,N/A,2026-06-07T18:01:28.784314+00:00,https://textron.taleo.net/careersection/textron/jobdetail.ftl?job=1533991,
Textron,,1536477,,United States of America,,onsite,mid,unknown,unknown,unknown,taleo,N/A,2026-06-07T18:01:28.784328+00:00,https://textron.taleo.net/careersection/textron/jobdetail.ftl?job=1536477,
Textron,,1536353,,United States of America,,onsite,mid,unknown,unknown,unknown,taleo,N/A,2026-06-07T18:01:28.784341+00:00,https://textron.taleo.net/careersection/textron/jobdetail.ftl?job=1536353,
Textron,,1536674,,United States of America,,onsite,mid,unknown,unknown,unknown,taleo,N/A,2026-06-07T18:01:28.784354+00:00,https://textron.taleo.net/careersection/textron/jobdetail.ftl?job=1536674,
Textron,,1536572,,United States of America,,onsite,mid,unknown,unknown,unknown,taleo,N/A,2026-06-07T18:01:28.784367+00:00,https://textron.taleo.net/careersection/textron/jobdetail.ftl?job=1536572,
Textron,,1536659,,United States of America,,onsite,mid,unknown,unknown,unknown,taleo,N/A,2026-06-07T18:01:28.784381+00:00,https://textron.taleo.net/careersection/textron/jobdetail.ftl?job=1536659,
Textron,,1536658,,United States of America,,onsite,mid,unknown,unknown,unknown,taleo,N/A,2026-06-07T18:01:28.784394+00:00,https://textron.taleo.net/careersection/textron/jobdetail.ftl?job=1536658,
Textron,,1536650,,United States of America,,onsite,mid,unknown,unknown,unknown,taleo,N/A,2026-06-07T18:01:28.784407+00:00,https://textron.taleo.net/careersection/textron/jobdetail.ftl?job=1536650,
Textron,,1533211,,United States of America,,onsite,mid,unknown,unknown,unknown,taleo,N/A,2026-06-07T18:01:28.784420+00:00,https://textron.taleo.net/careersection/textron/jobdetail.ftl?job=1533211,
Textron,,1532613,,United States of America,,onsite,mid,unknown,unknown,unknown,taleo,N/A,2026-06-07T18:01:28.784434+00:00,https://textron.taleo.net/careersection/textron/jobdetail.ftl?job=1532613,
Textron,,1536578,,United States of America,,onsite,mid,unknown,unknown,unknown,taleo,N/A,2026-06-07T18:01:28.784447+00:00,https://textron.taleo.net/careersection/textron/jobdetail.ftl?job=1536578,
Textron,,1533533,,United States of America,,onsite,mid,unknown,unknown,unknown,taleo,N/A,2026-06-07T18:01:28.784461+00:00,https://textron.taleo.net/careersection/textron/jobdetail.ftl?job=1533533,
Textron,,1536575,,United States of America,,onsite,mid,unknown,unknown,unknown,taleo,N/A,2026-06-07T18:01:28.784475+00:00,https://textron.taleo.net/careersection/textron/jobdetail.ftl?job=1536575,
Textron,,1534663,,United States of America,,onsite,mid,unknown,unknown,unknown,taleo,N/A,2026-06-07T18:01:28.784489+00:00,https://textron.taleo.net/careersection/textron/jobdetail.ftl?job=1534663,
Textron,,1536548,,United States of America,,onsite,mid,unknown,unknown,unknown,taleo,N/A,2026-06-07T18:01:28.784502+00:00,https://textron.taleo.net/careersection/textron/jobdetail.ftl?job=1536548,
Textron,,1536566,,United States of America,,onsite,mid,unknown,unknown,unknown,taleo,N/A,2026-06-07T18:01:28.784516+00:00,https://textron.taleo.net/careersection/textron/jobdetail.ftl?job=1536566,
Textron,,1536481,,United States of America,,onsite,mid,unknown,unknown,unknown,taleo,N/A,2026-06-07T18:01:28.784529+00:00,https://textron.taleo.net/careersection/textron/jobdetail.ftl?job=1536481,
Textron,,1536388,,United States of America,,onsite,mid,unknown,unknown,unknown,taleo,N/A,2026-06-07T18:01:28.784542+00:00,https://textron.taleo.net/careersection/textron/jobdetail.ftl?job=1536388,
Textron,,1535621,,United States of America,,onsite,mid,unknown,unknown,unknown,taleo,N/A,2026-06-07T18:01:28.784555+00:00,https://textron.taleo.net/careersection/textron/jobdetail.ftl?job=1535621,
Textron,,1536288,,United States of America,,onsite,mid,unknown,unknown,unknown,taleo,N/A,2026-06-07T18:01:28.784571+00:00,https://textron.taleo.net/careersection/textron/jobdetail.ftl?job=1536288,
Textron,,1536387,,United States of America,,onsite,mid,unknown,unknown,unknown,taleo,N/A,2026-06-07T18:01:28.784585+00:00,https://textron.taleo.net/careersection/textron/jobdetail.ftl?job=1536387,
Textron,,1536218,,United States of America,,onsite,mid,unknown,unknown,unknown,taleo,N/A,2026-06-07T18:01:28.784598+00:00,https://textron.taleo.net/careersection/textron/jobdetail.ftl?job=1536218,
Textron,,1535975,,United States of America,,onsite,mid,unknown,unknown,unknown,taleo,N/A,2026-06-07T18:01:28.784611+00:00,https://textron.taleo.net/careersection/textron/jobdetail.ftl?job=1535975,
Textron,,1536186,,United States of America,,onsite,mid,unknown,unknown,unknown,taleo,N/A,2026-06-07T18:01:28.784625+00:00,https://textron.taleo.net/careersection/textron/jobdetail.ftl?job=1536186,
Textron,,1535879,,United States of America,,onsite,mid,unknown,unknown,unknown,taleo,N/A,2026-06-07T18:01:28.784639+00:00,https://textron.taleo.net/careersection/textron/jobdetail.ftl?job=1535879,
Textron,,1536219,,United States of America,,onsite,mid,unknown,unknown,unknown,taleo,N/A,2026-06-07T18:01:28.784652+00:00,https://textron.taleo.net/careersection/textron/jobdetail.ftl?job=1536219,
Textron,,1536254,,United States of America,,onsite,mid,unknown,unknown,unknown,taleo,N/A,2026-06-07T18:01:28.784665+00:00,https://textron.taleo.net/careersection/textron/jobdetail.ftl?job=1536254,
Textron,,1536228,,United States of America,,onsite,mid,unknown,unknown,unknown,taleo,N/A,2026-06-07T18:01:28.784679+00:00,https://textron.taleo.net/careersection/textron/jobdetail.ftl?job=1536228,
Textron,,1536209,,United States of America,,onsite,mid,unknown,unknown,unknown,taleo,N/A,2026-06-07T18:01:28.784692+00:00,https://textron.taleo.net/careersection/textron/jobdetail.ftl?job=1536209,
Textron,,1536230,,United States of America,,onsite,mid,unknown,unknown,unknown,taleo,N/A,2026-06-07T18:01:28.784705+00:00,https://textron.taleo.net/careersection/textron/jobdetail.ftl?job=1536230,
Textron,,1532611,,United States of America,,onsite,mid,unknown,unknown,unknown,taleo,N/A,2026-06-07T18:01:28.784718+00:00,https://textron.taleo.net/careersection/textron/jobdetail.ftl?job=1532611,
Textron,,1524987,,United States of America,,onsite,mid,unknown,unknown,unknown,taleo,N/A,2026-06-07T18:01:28.784732+00:00,https://textron.taleo.net/careersection/textron/jobdetail.ftl?job=1524987,
Textron,,1525347,,United States of America,,onsite,mid,unknown,unknown,unknown,taleo,N/A,2026-06-07T18:01:28.784745+00:00,https://textron.taleo.net/careersection/textron/jobdetail.ftl?job=1525347,
Textron,,1536032,,United States of America,,onsite,mid,unknown,unknown,unknown,taleo,N/A,2026-06-07T18:01:28.784759+00:00,https://textron.taleo.net/careersection/textron/jobdetail.ftl?job=1536032,
Textron,,1534909,,United States of America,,onsite,mid,unknown,unknown,unknown,taleo,N/A,2026-06-07T18:01:28.784772+00:00,https://textron.taleo.net/careersection/textron/jobdetail.ftl?job=1534909,
Textron,,1536024,,United States of America,,onsite,mid,unknown,unknown,unknown,taleo,N/A,2026-06-07T18:01:28.784786+00:00,https://textron.taleo.net/careersection/textron/jobdetail.ftl?job=1536024,
Textron,,1535868,,United States of America,,onsite,mid,unknown,unknown,unknown,taleo,N/A,2026-06-07T18:01:28.784799+00:00,https://textron.taleo.net/careersection/textron/jobdetail.ftl?job=1535868,
Textron,,1535873,,United States of America,,onsite,mid,unknown,unknown,unknown,taleo,N/A,2026-06-07T18:01:28.784813+00:00,https://textron.taleo.net/careersection/textron/jobdetail.ftl?job=1535873,
Textron,,1535589,,United States of America,,onsite,mid,unknown,unknown,unknown,taleo,N/A,2026-06-07T18:01:28.784826+00:00,https://textron.taleo.net/careersection/textron/jobdetail.ftl?job=1535589,
Textron,,1535985,,United States of America,,onsite,mid,unknown,unknown,unknown,taleo,N/A,2026-06-07T18:01:28.784840+00:00,https://textron.taleo.net/careersection/textron/jobdetail.ftl?job=1535985,
Textron,,1534122,,United States of America,,onsite,mid,unknown,unknown,unknown,taleo,N/A,2026-06-07T18:01:28.784853+00:00,https://textron.taleo.net/careersection/textron/jobdetail.ftl?job=1534122,
Textron,,1535638,,United States of America,,onsite,mid,unknown,unknown,unknown,taleo,N/A,2026-06-07T18:01:28.784866+00:00,https://textron.taleo.net/careersection/textron/jobdetail.ftl?job=1535638,
Textron,,1490646,,United States of America,,onsite,mid,unknown,unknown,unknown,taleo,N/A,2026-06-07T18:01:28.784879+00:00,https://textron.taleo.net/careersection/textron/jobdetail.ftl?job=1490646,
Textron,,1535811,,United States of America,,onsite,mid,unknown,unknown,unknown,taleo,N/A,2026-06-07T18:01:28.784893+00:00,https://textron.taleo.net/careersection/textron/jobdetail.ftl?job=1535811,
Textron,,1535659,,United States of America,,onsite,mid,unknown,unknown,unknown,taleo,N/A,2026-06-07T18:01:28.784907+00:00,https://textron.taleo.net/careersection/textron/jobdetail.ftl?job=1535659,
Textron,,1535707,,United States of America,,onsite,mid,unknown,unknown,unknown,taleo,N/A,2026-06-07T18:01:28.784920+00:00,https://textron.taleo.net/careersection/textron/jobdetail.ftl?job=1535707,
Textron,,1535644,,United States of America,,onsite,mid,unknown,unknown,unknown,taleo,N/A,2026-06-07T18:01:28.784933+00:00,https://textron.taleo.net/careersection/textron/jobdetail.ftl?job=1535644,
Textron,,1535693,,United States of America,,onsite,mid,unknown,unknown,unknown,taleo,N/A,2026-06-07T18:01:28.784946+00:00,https://textron.taleo.net/careersection/textron/jobdetail.ftl?job=1535693,
Textron,,1535669,,United States of America,,onsite,mid,unknown,unknown,unknown,taleo,N/A,2026-06-07T18:01:28.784960+00:00,https://textron.taleo.net/careersection/textron/jobdetail.ftl?job=1535669,
Textron,,1535684,,United States of America,,onsite,mid,unknown,unknown,unknown,taleo,N/A,2026-06-07T18:01:28.784973+00:00,https://textron.taleo.net/careersection/textron/jobdetail.ftl?job=1535684,
Textron,,1535650,,United States of America,,onsite,mid,unknown,unknown,unknown,taleo,N/A,2026-06-07T18:01:28.784987+00:00,https://textron.taleo.net/careersection/textron/jobdetail.ftl?job=1535650,
Textron,,1535607,,United States of America,,onsite,mid,unknown,unknown,unknown,taleo,N/A,2026-06-07T18:01:28.785000+00:00,https://textron.taleo.net/careersection/textron/jobdetail.ftl?job=1535607,
Textron,,1516187,,United States of America,,onsite,mid,unknown,unknown,unknown,taleo,N/A,2026-06-07T18:01:28.785013+00:00,https://textron.taleo.net/careersection/textron/jobdetail.ftl?job=1516187,
Textron,,1535364,,United States of America,,onsite,mid,unknown,unknown,unknown,taleo,N/A,2026-06-07T18:01:28.785026+00:00,https://textron.taleo.net/careersection/textron/jobdetail.ftl?job=1535364,
Textron,,1535526,,United States of America,,onsite,mid,unknown,unknown,unknown,taleo,N/A,2026-06-07T18:01:28.785040+00:00,https://textron.taleo.net/careersection/textron/jobdetail.ftl?job=1535526,
Textron,,1535527,,United States of America,,onsite,mid,unknown,unknown,unknown,taleo,N/A,2026-06-07T18:01:28.785055+00:00,https://textron.taleo.net/careersection/textron/jobdetail.ftl?job=1535527,
Textron,,1533585,,United States of America,,onsite,mid,unknown,unknown,unknown,taleo,N/A,2026-06-07T18:01:28.785069+00:00,https://textron.taleo.net/careersection/textron/jobdetail.ftl?job=1533585,
Textron,,1532964,,United States of America,,onsite,mid,unknown,unknown,unknown,taleo,N/A,2026-06-07T18:01:28.785083+00:00,https://textron.taleo.net/careersection/textron/jobdetail.ftl?job=1532964,
Textron,,1534249,,United States of America,,onsite,mid,unknown,unknown,unknown,taleo,N/A,2026-06-07T18:01:28.785096+00:00,https://textron.taleo.net/careersection/textron/jobdetail.ftl?job=1534249,
Textron,,1533607,,United States of America,,onsite,mid,unknown,unknown,unknown,taleo,N/A,2026-06-07T18:01:28.785110+00:00,https://textron.taleo.net/careersection/textron/jobdetail.ftl?job=1533607,
Textron,,1534263,,United States of America,,onsite,mid,unknown,unknown,unknown,taleo,N/A,2026-06-07T18:01:28.785123+00:00,https://textron.taleo.net/careersection/textron/jobdetail.ftl?job=1534263,
Textron,,1535407,,United States of America,,onsite,mid,unknown,unknown,unknown,taleo,N/A,2026-06-07T18:01:28.785137+00:00,https://textron.taleo.net/careersection/textron/jobdetail.ftl?job=1535407,
Textron,,1534786,,United States of America,,onsite,mid,unknown,unknown,unknown,taleo,N/A,2026-06-07T18:01:28.785150+00:00,https://textron.taleo.net/careersection/textron/jobdetail.ftl?job=1534786,
Textron,,1533384,,United States of America,,onsite,mid,unknown,unknown,unknown,taleo,N/A,2026-06-07T18:01:28.785163+00:00,https://textron.taleo.net/careersection/textron/jobdetail.ftl?job=1533384,
Textron,,1535309,,United States of America,,onsite,mid,unknown,unknown,unknown,taleo,N/A,2026-06-07T18:01:28.785177+00:00,https://textron.taleo.net/careersection/textron/jobdetail.ftl?job=1535309,
Textron,,1534854,,United States of America,,onsite,mid,unknown,unknown,unknown,taleo,N/A,2026-06-07T18:01:28.785190+00:00,https://textron.taleo.net/careersection/textron/jobdetail.ftl?job=1534854,
Textron,,1534967,,United States of America,,onsite,mid,unknown,unknown,unknown,taleo,N/A,2026-06-07T18:01:28.785204+00:00,https://textron.taleo.net/careersection/textron/jobdetail.ftl?job=1534967,
Textron,,1535090,,United States of America,,onsite,mid,unknown,unknown,unknown,taleo,N/A,2026-06-07T18:01:28.785217+00:00,https://textron.taleo.net/careersection/textron/jobdetail.ftl?job=1535090,
Textron,,1535109,,United States of America,,onsite,mid,unknown,unknown,unknown,taleo,N/A,2026-06-07T18:01:28.785230+00:00,https://textron.taleo.net/careersection/textron/jobdetail.ftl?job=1535109,
Textron,,1534989,,United States of America,,onsite,mid,unknown,unknown,unknown,taleo,N/A,2026-06-07T18:01:28.785243+00:00,https://textron.taleo.net/careersection/textron/jobdetail.ftl?job=1534989,
Textron,,1534976,,United States of America,,onsite,mid,unknown,unknown,unknown,taleo,N/A,2026-06-07T18:01:28.785291+00:00,https://textron.taleo.net/careersection/textron/jobdetail.ftl?job=1534976,
Textron,,1534988,,United States of America,,onsite,mid,unknown,unknown,unknown,taleo,N/A,2026-06-07T18:01:28.785306+00:00,https://textron.taleo.net/careersection/textron/jobdetail.ftl?job=1534988,
Textron,,1533532,,United States of America,,onsite,mid,unknown,unknown,unknown,taleo,N/A,2026-06-07T18:01:28.785321+00:00,https://textron.taleo.net/careersection/textron/jobdetail.ftl?job=1533532,
Textron,,1534898,,United States of America,,onsite,mid,unknown,unknown,unknown,taleo,N/A,2026-06-07T18:01:28.785334+00:00,https://textron.taleo.net/careersection/textron/jobdetail.ftl?job=1534898,
Textron,,1534911,,United States of America,,onsite,mid,unknown,unknown,unknown,taleo,N/A,2026-06-07T18:01:28.785348+00:00,https://textron.taleo.net/careersection/textron/jobdetail.ftl?job=1534911,
Textron,,1534904,,United States of America,,onsite,mid,unknown,unknown,unknown,taleo,N/A,2026-06-07T18:01:28.785362+00:00,https://textron.taleo.net/careersection/textron/jobdetail.ftl?job=1534904,
Textron,,1534877,,United States of America,,onsite,mid,unknown,unknown,unknown,taleo,N/A,2026-06-07T18:01:28.785376+00:00,https://textron.taleo.net/careersection/textron/jobdetail.ftl?job=1534877,
Textron,,1534832,,United States of America,,onsite,mid,unknown,unknown,unknown,taleo,N/A,2026-06-07T18:01:28.785389+00:00,https://textron.taleo.net/careersection/textron/jobdetail.ftl?job=1534832,
Textron,,1534784,,United States of America,,onsite,mid,unknown,unknown,unknown,taleo,N/A,2026-06-07T18:01:28.785403+00:00,https://textron.taleo.net/careersection/textron/jobdetail.ftl?job=1534784,
Textron,,1533498,,United States of America,,onsite,mid,unknown,unknown,unknown,taleo,N/A,2026-06-07T18:01:28.785417+00:00,https://textron.taleo.net/careersection/textron/jobdetail.ftl?job=1533498,
Textron,,1534085,,United States of America,,onsite,mid,unknown,unknown,unknown,taleo,N/A,2026-06-07T18:01:28.785431+00:00,https://textron.taleo.net/careersection/textron/jobdetail.ftl?job=1534085,
Textron,,1534612,,United States of America,,onsite,mid,unknown,unknown,unknown,taleo,N/A,2026-06-07T18:01:28.785444+00:00,https://textron.taleo.net/careersection/textron/jobdetail.ftl?job=1534612,
Textron,,1534649,,United States of America,,onsite,mid,unknown,unknown,unknown,taleo,N/A,2026-06-07T18:01:28.785458+00:00,https://textron.taleo.net/careersection/textron/jobdetail.ftl?job=1534649,
Textron,,1534606,,United States of America,,onsite,mid,unknown,unknown,unknown,taleo,N/A,2026-06-07T18:01:28.785471+00:00,https://textron.taleo.net/careersection/textron/jobdetail.ftl?job=1534606,
Textron,,1534571,,United States of America,,onsite,mid,unknown,unknown,unknown,taleo,N/A,2026-06-07T18:01:28.785485+00:00,https://textron.taleo.net/careersection/textron/jobdetail.ftl?job=1534571,
Textron,,1529973,,United States of America,,onsite,mid,unknown,unknown,unknown,taleo,N/A,2026-06-07T18:01:28.785498+00:00,https://textron.taleo.net/careersection/textron/jobdetail.ftl?job=1529973,
Textron,,1520028,,United States of America,,onsite,mid,unknown,unknown,unknown,taleo,N/A,2026-06-07T18:01:28.785511+00:00,https://textron.taleo.net/careersection/textron/jobdetail.ftl?job=1520028,
Textron,,1534167,,United States of America,,onsite,mid,unknown,unknown,unknown,taleo,N/A,2026-06-07T18:01:28.785525+00:00,https://textron.taleo.net/careersection/textron/jobdetail.ftl?job=1534167,
Textron,,1534102,,United States of America,,onsite,mid,unknown,unknown,unknown,taleo,N/A,2026-06-07T18:01:28.785542+00:00,https://textron.taleo.net/careersection/textron/jobdetail.ftl?job=1534102,
Textron,,1534094,,United States of America,,onsite,mid,unknown,unknown,unknown,taleo,N/A,2026-06-07T18:01:28.785556+00:00,https://textron.taleo.net/careersection/textron/jobdetail.ftl?job=1534094,
Textron,,1533711,,United States of America,,onsite,mid,unknown,unknown,unknown,taleo,N/A,2026-06-07T18:01:28.785570+00:00,https://textron.taleo.net/careersection/textron/jobdetail.ftl?job=1533711,
Textron,,1534003,,United States of America,,onsite,mid,unknown,unknown,unknown,taleo,N/A,2026-06-07T18:01:28.785583+00:00,https://textron.taleo.net/careersection/textron/jobdetail.ftl?job=1534003,
Textron,,1533731,,United States of America,,onsite,mid,unknown,unknown,unknown,taleo,N/A,2026-06-07T18:01:28.785597+00:00,https://textron.taleo.net/careersection/textron/jobdetail.ftl?job=1533731,
Textron,,1533886,,United States of America,,onsite,mid,unknown,unknown,unknown,taleo,N/A,2026-06-07T18:01:28.785610+00:00,https://textron.taleo.net/careersection/textron/jobdetail.ftl?job=1533886,
Textron,,1533814,,United States of America,,onsite,mid,unknown,unknown,unknown,taleo,N/A,2026-06-07T18:01:28.785624+00:00,https://textron.taleo.net/careersection/textron/jobdetail.ftl?job=1533814,
Textron,,1513407,,United States of America,,onsite,mid,unknown,unknown,unknown,taleo,N/A,2026-06-07T18:01:28.785638+00:00,https://textron.taleo.net/careersection/textron/jobdetail.ftl?job=1513407,
Textron,,1529188,,United States of America,,onsite,mid,unknown,unknown,unknown,taleo,N/A,2026-06-07T18:01:28.785651+00:00,https://textron.taleo.net/careersection/textron/jobdetail.ftl?job=1529188,
Textron,,1530983,,United States of America,,onsite,mid,unknown,unknown,unknown,taleo,N/A,2026-06-07T18:01:28.785665+00:00,https://textron.taleo.net/careersection/textron/jobdetail.ftl?job=1530983,
Textron,,1533094,,United States of America,,onsite,mid,unknown,unknown,unknown,taleo,N/A,2026-06-07T18:01:28.785679+00:00,https://textron.taleo.net/careersection/textron/jobdetail.ftl?job=1533094,
Textron,,1533703,,United States of America,,onsite,mid,unknown,unknown,unknown,taleo,N/A,2026-06-07T18:01:28.785692+00:00,https://textron.taleo.net/careersection/textron/jobdetail.ftl?job=1533703,
Textron,,1533376,,United States of America,,onsite,mid,unknown,unknown,unknown,taleo,N/A,2026-06-07T18:01:28.785705+00:00,https://textron.taleo.net/careersection/textron/jobdetail.ftl?job=1533376,
Textron,,1533702,,United States of America,,onsite,mid,unknown,unknown,unknown,taleo,N/A,2026-06-07T18:01:28.785719+00:00,https://textron.taleo.net/careersection/textron/jobdetail.ftl?job=1533702,
Textron,,1533716,,United States of America,,onsite,mid,unknown,unknown,unknown,taleo,N/A,2026-06-07T18:01:28.785732+00:00,https://textron.taleo.net/careersection/textron/jobdetail.ftl?job=1533716,
Textron,,1533627,,United States of America,,onsite,mid,unknown,unknown,unknown,taleo,N/A,2026-06-07T18:01:28.785746+00:00,https://textron.taleo.net/careersection/textron/jobdetail.ftl?job=1533627,
Textron,,1533390,,United States of America,,onsite,mid,unknown,unknown,unknown,taleo,N/A,2026-06-07T18:01:28.785760+00:00,https://textron.taleo.net/careersection/textron/jobdetail.ftl?job=1533390,
Textron,,1533351,,United States of America,,onsite,mid,unknown,unknown,unknown,taleo,N/A,2026-06-07T18:01:28.785775+00:00,https://textron.taleo.net/careersection/textron/jobdetail.ftl?job=1533351,
Textron,,1533701,,United States of America,,onsite,mid,unknown,unknown,unknown,taleo,N/A,2026-06-07T18:01:28.785789+00:00,https://textron.taleo.net/careersection/textron/jobdetail.ftl?job=1533701,
Textron,,1533358,,United States of America,,onsite,mid,unknown,unknown,unknown,taleo,N/A,2026-06-07T18:01:28.785803+00:00,https://textron.taleo.net/careersection/textron/jobdetail.ftl?job=1533358,
Textron,,1533531,,United States of America,,onsite,mid,unknown,unknown,unknown,taleo,N/A,2026-06-07T18:01:28.785816+00:00,https://textron.taleo.net/careersection/textron/jobdetail.ftl?job=1533531,
Textron,,1533148,,United States of America,,onsite,mid,unknown,unknown,unknown,taleo,N/A,2026-06-07T18:01:28.785830+00:00,https://textron.taleo.net/careersection/textron/jobdetail.ftl?job=1533148,
Textron,,1529834,,United States of America,,onsite,mid,unknown,unknown,unknown,taleo,N/A,2026-06-07T18:01:28.785843+00:00,https://textron.taleo.net/careersection/textron/jobdetail.ftl?job=1529834,
Textron,,1529832,,United States of America,,onsite,mid,unknown,unknown,unknown,taleo,N/A,2026-06-07T18:01:28.785857+00:00,https://textron.taleo.net/careersection/textron/jobdetail.ftl?job=1529832,
Textron,,1530495,,United States of America,,onsite,mid,unknown,unknown,unknown,taleo,N/A,2026-06-07T18:01:28.785870+00:00,https://textron.taleo.net/careersection/textron/jobdetail.ftl?job=1530495,
Textron,,1532675,,United States of America,,onsite,mid,unknown,unknown,unknown,taleo,N/A,2026-06-07T18:01:28.785884+00:00,https://textron.taleo.net/careersection/textron/jobdetail.ftl?job=1532675,
Textron,,1532784,,United States of America,,onsite,mid,unknown,unknown,unknown,taleo,N/A,2026-06-07T18:01:28.785897+00:00,https://textron.taleo.net/careersection/textron/jobdetail.ftl?job=1532784,
Textron,,1532786,,United States of America,,onsite,mid,unknown,unknown,unknown,taleo,N/A,2026-06-07T18:01:28.785910+00:00,https://textron.taleo.net/careersection/textron/jobdetail.ftl?job=1532786,
Textron,,1532385,,United States of America,,onsite,mid,unknown,unknown,unknown,taleo,N/A,2026-06-07T18:01:28.785924+00:00,https://textron.taleo.net/careersection/textron/jobdetail.ftl?job=1532385,
Textron,,1532397,,United States of America,,onsite,mid,unknown,unknown,unknown,taleo,N/A,2026-06-07T18:01:28.785937+00:00,https://textron.taleo.net/careersection/textron/jobdetail.ftl?job=1532397,
Textron,,1532399,,United States of America,,onsite,mid,unknown,unknown,unknown,taleo,N/A,2026-06-07T18:01:28.785951+00:00,https://textron.taleo.net/careersection/textron/jobdetail.ftl?job=1532399,
Textron,,1531805,,United States of America,,onsite,mid,unknown,unknown,unknown,taleo,N/A,2026-06-07T18:01:28.785964+00:00,https://textron.taleo.net/careersection/textron/jobdetail.ftl?job=1531805,
Textron,,1532419,,United States of America,,onsite,mid,unknown,unknown,unknown,taleo,N/A,2026-06-07T18:01:28.785977+00:00,https://textron.taleo.net/careersection/textron/jobdetail.ftl?job=1532419,
Textron,,1532381,,United States of America,,onsite,mid,unknown,unknown,unknown,taleo,N/A,2026-06-07T18:01:28.785991+00:00,https://textron.taleo.net/careersection/textron/jobdetail.ftl?job=1532381,
Textron,,1530943,,United States of America,,onsite,mid,unknown,unknown,unknown,taleo,N/A,2026-06-07T18:01:28.786004+00:00,https://textron.taleo.net/careersection/textron/jobdetail.ftl?job=1530943,
Textron,,1531592,,United States of America,,onsite,mid,unknown,unknown,unknown,taleo,N/A,2026-06-07T18:01:28.786018+00:00,https://textron.taleo.net/careersection/textron/jobdetail.ftl?job=1531592,
Textron,,1531892,,United States of America,,onsite,mid,unknown,unknown,unknown,taleo,N/A,2026-06-07T18:01:28.786031+00:00,https://textron.taleo.net/careersection/textron/jobdetail.ftl?job=1531892,
Textron,,1531539,,United States of America,,onsite,mid,unknown,unknown,unknown,taleo,N/A,2026-06-07T18:01:28.786045+00:00,https://textron.taleo.net/careersection/textron/jobdetail.ftl?job=1531539,
Textron,,1531516,,United States of America,,onsite,mid,unknown,unknown,unknown,taleo,N/A,2026-06-07T18:01:28.786061+00:00,https://textron.taleo.net/careersection/textron/jobdetail.ftl?job=1531516,
Textron,,1531240,,United States of America,,onsite,mid,unknown,unknown,unknown,taleo,N/A,2026-06-07T18:01:28.786074+00:00,https://textron.taleo.net/careersection/textron/jobdetail.ftl?job=1531240,
Textron,,1530475,,United States of America,,onsite,mid,unknown,unknown,unknown,taleo,N/A,2026-06-07T18:01:28.786088+00:00,https://textron.taleo.net/careersection/textron/jobdetail.ftl?job=1530475,
Textron,,1530942,,United States of America,,onsite,mid,unknown,unknown,unknown,taleo,N/A,2026-06-07T18:01:28.786101+00:00,https://textron.taleo.net/careersection/textron/jobdetail.ftl?job=1530942,
Textron,,1530847,,United States of America,,onsite,mid,unknown,unknown,unknown,taleo,N/A,2026-06-07T18:01:28.786114+00:00,https://textron.taleo.net/careersection/textron/jobdetail.ftl?job=1530847,
Textron,,1530857,,United States of America,,onsite,mid,unknown,unknown,unknown,taleo,N/A,2026-06-07T18:01:28.786128+00:00,https://textron.taleo.net/careersection/textron/jobdetail.ftl?job=1530857,
Textron,,1530736,,United States of America,,onsite,mid,unknown,unknown,unknown,taleo,N/A,2026-06-07T18:01:28.786141+00:00,https://textron.taleo.net/careersection/textron/jobdetail.ftl?job=1530736,
Textron,,1530517,,United States of America,,onsite,mid,unknown,unknown,unknown,taleo,N/A,2026-06-07T18:01:28.786154+00:00,https://textron.taleo.net/careersection/textron/jobdetail.ftl?job=1530517,
Textron,,1527931,,United States of America,,onsite,mid,unknown,unknown,unknown,taleo,N/A,2026-06-07T18:01:28.786168+00:00,https://textron.taleo.net/careersection/textron/jobdetail.ftl?job=1527931,
Textron,,1528490,,United States of America,,onsite,mid,unknown,unknown,unknown,taleo,N/A,2026-06-07T18:01:28.786181+00:00,https://textron.taleo.net/careersection/textron/jobdetail.ftl?job=1528490,
Textron,,1528549,,United States of America,,onsite,mid,unknown,unknown,unknown,taleo,N/A,2026-06-07T18:01:28.786195+00:00,https://textron.taleo.net/careersection/textron/jobdetail.ftl?job=1528549,
Textron,,1513608,,United States of America,,onsite,mid,unknown,unknown,unknown,taleo,N/A,2026-06-07T18:01:28.786209+00:00,https://textron.taleo.net/careersection/textron/jobdetail.ftl?job=1513608,
Textron,,1527467,,United States of America,,onsite,mid,unknown,unknown,unknown,taleo,N/A,2026-06-07T18:01:28.786222+00:00,https://textron.taleo.net/careersection/textron/jobdetail.ftl?job=1527467,
Textron,,1453306,,United States of America,,onsite,mid,unknown,unknown,unknown,taleo,N/A,2026-06-07T18:01:28.786236+00:00,https://textron.taleo.net/careersection/textron/jobdetail.ftl?job=1453306,
Textron,,1520152,,United States of America,,onsite,mid,unknown,unknown,unknown,taleo,N/A,2026-06-07T18:01:28.786249+00:00,https://textron.taleo.net/careersection/textron/jobdetail.ftl?job=1520152,
Textron,,1516329,,United States of America,,onsite,mid,unknown,unknown,unknown,taleo,N/A,2026-06-07T18:01:28.786263+00:00,https://textron.taleo.net/careersection/textron/jobdetail.ftl?job=1516329,
Textron,,1515717,,United States of America,,onsite,mid,unknown,unknown,unknown,taleo,N/A,2026-06-07T18:01:28.786276+00:00,https://textron.taleo.net/careersection/textron/jobdetail.ftl?job=1515717,
Textron,,1515712,,United States of America,,onsite,mid,unknown,unknown,unknown,taleo,N/A,2026-06-07T18:01:28.786289+00:00,https://textron.taleo.net/careersection/textron/jobdetail.ftl?job=1515712,
Textron,,1515749,,United States of America,,onsite,mid,unknown,unknown,unknown,taleo,N/A,2026-06-07T18:01:28.786303+00:00,https://textron.taleo.net/careersection/textron/jobdetail.ftl?job=1515749,
Textron,,1512768,,United States of America,,onsite,mid,unknown,unknown,unknown,taleo,N/A,2026-06-07T18:01:28.786316+00:00,https://textron.taleo.net/careersection/textron/jobdetail.ftl?job=1512768,
Textron,,1509267,,United States of America,,onsite,mid,unknown,unknown,unknown,taleo,N/A,2026-06-07T18:01:28.786330+00:00,https://textron.taleo.net/careersection/textron/jobdetail.ftl?job=1509267,
Textron,,1508688,,United States of America,,onsite,mid,unknown,unknown,unknown,taleo,N/A,2026-06-07T18:01:28.786343+00:00,https://textron.taleo.net/careersection/textron/jobdetail.ftl?job=1508688,
Textron,,1488446,,United States of America,,onsite,mid,unknown,unknown,unknown,taleo,N/A,2026-06-07T18:01:28.786356+00:00,https://textron.taleo.net/careersection/textron/jobdetail.ftl?job=1488446,
Textron,,1452807,,United States of America,,onsite,mid,unknown,unknown,unknown,taleo,N/A,2026-06-07T18:01:28.786369+00:00,https://textron.taleo.net/careersection/textron/jobdetail.ftl?job=1452807,
Textron,,1456266,,United States of America,,onsite,mid,unknown,unknown,unknown,taleo,N/A,2026-06-07T18:01:28.786383+00:00,https://textron.taleo.net/careersection/textron/jobdetail.ftl?job=1456266,
Textron,,1435786,,United States of America,,onsite,mid,unknown,unknown,unknown,taleo,N/A,2026-06-07T18:01:28.786396+00:00,https://textron.taleo.net/careersection/textron/jobdetail.ftl?job=1435786,
Textron,,1309266,,United States of America,,onsite,mid,unknown,unknown,unknown,taleo,N/A,2026-06-07T18:01:28.786410+00:00,https://textron.taleo.net/careersection/textron/jobdetail.ftl?job=1309266,
Textron,,1315606,,United States of America,,onsite,mid,unknown,unknown,unknown,taleo,N/A,2026-06-07T18:01:28.786423+00:00,https://textron.taleo.net/careersection/textron/jobdetail.ftl?job=1315606,
Textron,,1313146,,United States of America,,onsite,mid,unknown,unknown,unknown,taleo,N/A,2026-06-07T18:01:28.786437+00:00,https://textron.taleo.net/careersection/textron/jobdetail.ftl?job=1313146,
